{
  "max_signal": {
    "decision_epochs": 236,
    "selection_accuracy": 0.940677966101695,
    "handover_count": 20,
    "handover_rate": 0.08928571428571429,
    "mean_rsrp_dbm": -113.56999917952011,
    "mean_link_margin_db": 6.430000820479902,
    "low_margin_rate": 0.6822033898305084,
    "mean_sat_load": 0.5417524264711941,
    "mean_remaining_visible_s": 259.1949152542373,
    "median_remaining_visible_s": 270.0,
    "outage_risk_rate": 0.15254237288135594,
    "mean_oracle_regret": 0.07688205064082465
  },
  "sticky_signal": {
    "decision_epochs": 236,
    "selection_accuracy": 0.9322033898305084,
    "handover_count": 20,
    "handover_rate": 0.08928571428571429,
    "mean_rsrp_dbm": -113.60709071821614,
    "mean_link_margin_db": 6.3929092817838615,
    "low_margin_rate": 0.6822033898305084,
    "mean_sat_load": 0.5384487750732159,
    "mean_remaining_visible_s": 257.79661016949154,
    "median_remaining_visible_s": 240.0,
    "outage_risk_rate": 0.15254237288135594,
    "mean_oracle_regret": 0.08770050990048542
  },
  "visibility_guard": {
    "decision_epochs": 236,
    "selection_accuracy": 0.9576271186440678,
    "handover_count": 20,
    "handover_rate": 0.08928571428571429,
    "mean_rsrp_dbm": -113.61040056878883,
    "mean_link_margin_db": 6.389599431211185,
    "low_margin_rate": 0.6822033898305084,
    "mean_sat_load": 0.5458326608400446,
    "mean_remaining_visible_s": 265.29661016949154,
    "median_remaining_visible_s": 270.0,
    "outage_risk_rate": 0.13983050847457626,
    "mean_oracle_regret": 0.05606532457229743
  },
  "load_aware": {
    "decision_epochs": 236,
    "selection_accuracy": 0.961864406779661,
    "handover_count": 20,
    "handover_rate": 0.08928571428571429,
    "mean_rsrp_dbm": -113.60564057550141,
    "mean_link_margin_db": 6.394359424498592,
    "low_margin_rate": 0.6822033898305084,
    "mean_sat_load": 0.5305981352016635,
    "mean_remaining_visible_s": 262.6271186440678,
    "median_remaining_visible_s": 270.0,
    "outage_risk_rate": 0.15254237288135594,
    "mean_oracle_regret": 0.029090803034366668
  },
  "stability_aware": {
    "decision_epochs": 236,
    "selection_accuracy": 0.961864406779661,
    "handover_count": 20,
    "handover_rate": 0.08928571428571429,
    "mean_rsrp_dbm": -113.64553337797156,
    "mean_link_margin_db": 6.354466622028448,
    "low_margin_rate": 0.6822033898305084,
    "mean_sat_load": 0.5319624632567816,
    "mean_remaining_visible_s": 265.04237288135596,
    "median_remaining_visible_s": 270.0,
    "outage_risk_rate": 0.1440677966101695,
    "mean_oracle_regret": 0.022059510245246987
  },
  "ai_ranker": {
    "decision_epochs": 236,
    "selection_accuracy": 0.961864406779661,
    "handover_count": 20,
    "handover_rate": 0.08928571428571429,
    "mean_rsrp_dbm": -113.62775012668712,
    "mean_link_margin_db": 6.372249873312886,
    "low_margin_rate": 0.6822033898305084,
    "mean_sat_load": 0.5391815656692328,
    "mean_remaining_visible_s": 263.00847457627117,
    "median_remaining_visible_s": 270.0,
    "outage_risk_rate": 0.1483050847457627,
    "mean_oracle_regret": 0.03620317334724772
  }
}